date,nav_usd,bench_usd,diff_usd,diff_pct,cash_ratio,open_lots
2026-08-14,500000.0,500000.0,0.0,0.0,1.0,0
2026-08-17,500000.0,499302.84,697.16,0.1396,1.0,0
2026-08-18,499990.83,494380.69,5610.14,1.1348,0.7007,5
2026-08-19,501678.06,495554.3,6123.75,1.2357,0.6984,5
2026-08-20,498767.82,492390.81,6377.01,1.2951,0.5223,8
2026-08-21,497551.04,493063.45,4487.59,0.9101,0.2827,12
2026-08-24,496806.69,491595.56,5211.14,1.06,0.0426,15
2026-08-25,498132.36,492741.14,5391.21,1.0941,0.0129,15
2026-08-26,505003.08,493145.08,11858.01,2.4046,0.0128,15
2026-08-27,502631.67,496724.41,5907.26,1.1892,0.0128,15
2026-08-28,502118.73,495536.79,6581.94,1.3282,0.0128,15
2026-08-31,500946.01,493708.06,7237.95,1.466,0.0129,15
2026-09-03,501883.31,498383.72,3499.5900000000256,0.7021878644029595,0.0129,15
2026-09-14,496147.54000000004,491030.05,5117.490000000049,1.0421948717802605,0.013,15
2026-09-15,492759.28,487759.29,4999.990000000049,1.0250937506490239,0.0131,15
2026-09-16,493775.22000000003,489595.17,4180.050000000047,0.8537768050285395,0.0131,15
2026-09-17,489166.33,491185.67,-2019.3399999999674,-0.4111154138515416,0.0132,15
2026-09-18,485373.97000000003,491711.17,-6337.199999999953,-1.2888053773519024,0.0133,15
2026-09-25,483490.33,498024.14,-14533.809999999998,-2.9182942818795885,0.0134,15
2026-09-28,482771.67000000004,494166.99,-11395.319999999949,-2.3059654389298543,0.0368,13
2026-09-29,477381.97000000003,491486.96,-14104.98999999999,-2.8698604740194917,0.006,13
2026-09-30,477200.47000000003,494366.68,-17166.209999999963,-3.472363873714135,0.006,13
2026-10-01,477968.53,491714.67,-13746.139999999956,-2.795552144092011,0.0317,12
2026-10-02,484100.27,495746.99,-11646.719999999972,-2.3493274260727173,0.0007,12
2026-10-05,479121.79000000004,499096.16,-19974.369999999937,-4.0021085315503,0.0007,12
2026-10-06,481840.59,502245.63,-20405.03999999998,-4.062761083655418,0.0007,12
