date,ticker,lot_id,shares,per_share,amount,source
2026-09-29,3099,3099-2026-09-03-1,1300.0,20.0,26000.0,yfinance
2026-09-29,9065,9065-2026-09-03-1,300.0,129.0,38700.0,yfinance
2026-09-29,6367,6367-2026-08-24-1,100.0,180.0,18000.0,yfinance
2026-09-29,6013,6013-2026-08-24-1,900.0,54.0,48600.0,yfinance
2026-09-29,6479,6479-2026-08-24-1,1000.0,30.0,30000.0,yfinance
2026-09-29,7966,7966-2026-08-24-1,700.0,60.0,42000.0,yfinance
2026-09-29,4980,4980-2026-08-24-1,1600.0,32.0,51200.0,yfinance
2026-09-29,4047,4047-2026-08-24-1,1800.0,18.0,32400.0,yfinance
2026-09-29,1979,1979-2026-08-25-1,700.0,50.0,35000.0,yfinance
2026-08-28,9983,9983-2026-08-27-1,100.0,320.0,32000.0,yfinance
2026-09-29,4368,4368-2026-08-28-1,1000.0,14.0,14000.0,yfinance
2026-09-29,3465,3465-2026-09-03-1,900.0,75.0,67500.0,yfinance
2026-09-29,6841,6841-2026-09-03-1,600.0,46.0,27600.0,yfinance
2026-09-29,5332,5332-2026-09-03-1,500.0,60.0,30000.0,yfinance
2026-09-29,2264,2264-2026-09-03-1,2600.0,12.0,31200.0,yfinance
2026-09-29,7220,7220-2026-09-03-1,1000.0,20.0,20000.0,yfinance
2026-09-29,9412,9412-2026-09-03-1,1500.0,24.0,36000.0,yfinance
2026-09-29,9143,9143-2026-09-03-1,2000.0,27.0,54000.0,yfinance
2026-09-29,6845,6845-2026-09-03-1,2000.0,31.0,62000.0,yfinance
2026-09-29,6101,6101-2026-09-03-1,500.0,49.0,24500.0,yfinance
