date,nav_jpy,principal_jpy,diff_jpy,diff_pct,cash_ratio,open_lots
2026-08-24,100000000.0,100000000.0,0.0,0.0,0.6482,13
2026-08-25,100207310.0,100000000.0,207310.0,0.2073,0.5628,16
2026-08-26,99948450.0,100000000.0,-51550.0,-0.0515,0.5113,17
2026-08-27,100374670.0,100000000.0,374670.0,0.3747,0.4631,16
2026-08-28,100289760.0,100000000.0,289760.0,0.28976,0.3658,19
2026-08-31,100207210.0,100000000.0,207210.0,0.20720999999999998,0.3661,19
2026-09-03,97070810.0,100000000.0,-2929190.0,-2.9291899999999997,0.0002,32
2026-09-14,94857330.0,100000000.0,-5142670.0,-5.14267,0.0002,32
2026-09-15,95339520.0,100000000.0,-4660480.0,-4.66048,0.0002,32
2026-09-16,96454830.0,100000000.0,-3545170.0,-3.54517,0.0002,32
2026-09-17,96632550.0,100000000.0,-3367450.0,-3.3674500000000003,0.0002,32
2026-09-18,97699160.0,100000000.0,-2300840.0,-2.30084,0.0002,32
2026-09-25,101014660.0,100000000.0,1014660.0,1.0146600000000001,0.0002,32
2026-09-28,100598420.0,100000000.0,598420.0,0.5984200000000001,0.0031,30
2026-09-29,100432820.0,100000000.0,432820.0,0.43282,0.0031,30
2026-09-30,102272420.0,100000000.0,2272420.0,2.27242,0.0031,30
2026-10-01,104173620.0,100000000.0,4173620.0,4.17362,0.003,30
2026-10-02,103282770.0,100000000.0,3282770.0,3.28277,0.003,30
2026-10-06,106244520.0,100000000.0,6244520.0,6.24452,0.0029,30
2026-10-07,105515620.0,100000000.0,5515620.0,5.5156,0.0024,30
