date,action,ticker,shares,price,amount_jpy,rule,lot_id,note,name,realized_pnl,realized_pnl_pct
2026-08-24,BUY,6367,100,20855.0,2085500.0,entry,6367-2026-08-24-1,RSI14=28.1 lot_size=100・moomoo発注なし・台帳のみの仮想売買,Daikin Industries,,
2026-08-24,BUY,6013,900,3065.0,2758500.0,entry,6013-2026-08-24-1,RSI14=31.2 lot_size=100・moomoo発注なし・台帳のみの仮想売買,Takuma,,
2026-08-24,BUY,6235,1100,2655.0,2920500.0,entry,6235-2026-08-24-1,RSI14=32.2 lot_size=100・moomoo発注なし・台帳のみの仮想売買,Optorun,,
2026-08-24,BUY,6479,800,3344.0,2675200.0,entry,6479-2026-08-24-1,RSI14=32.6 lot_size=100・moomoo発注なし・台帳のみの仮想売買,Minebea Mitsumi,,
2026-08-24,BUY,5334,300,8719.0,2615700.0,entry,5334-2026-08-24-1,RSI14=33.4 lot_size=100・moomoo発注なし・台帳のみの仮想売買,Niterra,,
2026-08-24,BUY,3905,1800,1662.0,2991600.0,entry,3905-2026-08-24-1,RSI14=33.6 lot_size=100・moomoo発注なし・台帳のみの仮想売買,Datasection,,
2026-08-24,BUY,7966,500,5440.0,2720000.0,entry,7966-2026-08-24-1,RSI14=33.9 lot_size=100・moomoo発注なし・台帳のみの仮想売買,LINTEC,,
2026-08-24,BUY,268A,1700,1671.0,2840700.0,entry,268A-2026-08-24-1,RSI14=34.2 lot_size=100・moomoo発注なし・台帳のみの仮想売買,Rigaku Holdings,,
2026-08-24,BUY,4980,1000,2903.5,2903500.0,entry,4980-2026-08-24-1,RSI14=34.8 lot_size=100・moomoo発注なし・台帳のみの仮想売買,Dexerials,,
2026-08-24,BUY,4966,100,19050.0,1905000.0,entry,4966-2026-08-24-1,RSI14=34.8 lot_size=100・moomoo発注なし・台帳のみの仮想売買,C. Uyemura,,
2026-08-24,BUY,4047,1200,2323.0,2787600.0,entry,4047-2026-08-24-1,RSI14=34.8 lot_size=100・moomoo発注なし・台帳のみの仮想売買,Kanto Denka Kogyo,,
2026-08-24,BUY,7532,3700,810.7,2999590.0,entry,7532-2026-08-24-1,RSI14=35.0 lot_size=100・moomoo発注なし・台帳のみの仮想売買,Pan Pacific International Holdings,,
2026-08-25,BUY,1979,700,3900.0,2730000.0,entry,1979-2026-08-25-1,RSI14=33.5 lot_size=100・moomoo発注なし・台帳のみの仮想売買,Taikisha,,
2026-08-25,BUY,6707,400,7398.0,2959200.0,entry,6707-2026-08-25-1,RSI14=34.6 lot_size=100・moomoo発注なし・台帳のみの仮想売買,Sanken Electric,,
2026-08-25,BUY,6141,900,3037.0,2733300.0,entry,6141-2026-08-25-1,RSI14=34.9 lot_size=100・moomoo発注なし・台帳のみの仮想売買,Dmg Mori,,
2026-08-26,BUY,4980,400,3019.0,1207600.0,pyramid1,4980-2026-08-24-1,moomoo発注なし・台帳のみの仮想売買,Dexerials,,
2026-08-26,BUY,7966,200,5580.0,1116000.0,pyramid1,7966-2026-08-24-1,moomoo発注なし・台帳のみの仮想売買,LINTEC,,
2026-08-27,BUY,4047,600,2393.0,1435800.0,pyramid1,4047-2026-08-24-1,moomoo発注なし・台帳のみの仮想売買,Kanto Denka Kogyo,,
2026-08-27,BUY,4980,200,3078.0,615600.0,pyramid2,4980-2026-08-24-1,moomoo発注なし・台帳のみの仮想売買,Dexerials,,
2026-08-27,BUY,6235,500,2727.0,1363500.0,pyramid1,6235-2026-08-24-1,moomoo発注なし・台帳のみの仮想売買,Optorun,,
2026-08-27,BUY,9983,100,71540.0,7154000.0,entry,9983-2026-08-27-1,RSI14=30.7 lot_size=100・moomoo発注なし・台帳のみの仮想売買,Fast Retailing,,
2026-08-28,BUY,3905,800,1727.0,1381600.0,pyramid1,3905-2026-08-24-1,moomoo発注なし・台帳のみの仮想売買,Datasection,,
2026-08-28,BUY,6361,600,4688.0,2812800.0,entry,6361-2026-08-28-1,RSI14=33.8 lot_size=100・moomoo発注なし・台帳のみの仮想売買,Ebara,,
2026-08-28,BUY,7944,700,3775.0,2642500.0,entry,7944-2026-08-28-1,RSI14=34.2 lot_size=100・moomoo発注なし・台帳のみの仮想売買,Roland,,
2026-08-28,BUY,4368,1000,2971.0,2971000.0,entry,4368-2026-08-28-1,RSI14=34.7 lot_size=100・moomoo発注なし・台帳のみの仮想売買,Fuso Chemical,,
2026-09-03,BUY,3099,900,3211.0,2889900.0,entry,3099-2026-09-03-1,RSI14=27.9 lot_size=100・moomoo発注なし・台帳のみの仮想売買,Isetan Mitsukoshi Holdings,,
2026-09-03,BUY,3465,900,3295.0,2965500.0,entry,3465-2026-09-03-1,RSI14=29.4 lot_size=100・moomoo発注なし・台帳のみの仮想売買,Ki-Star Real Estate,,
2026-09-03,BUY,6841,600,4672.0,2803200.0,entry,6841-2026-09-03-1,RSI14=29.4 lot_size=100・moomoo発注なし・台帳のみの仮想売買,Yokogawa Electric,,
2026-09-03,BUY,4099,1300,2191.0,2848300.0,entry,4099-2026-09-03-1,RSI14=30.5 lot_size=100・moomoo発注なし・台帳のみの仮想売買,Shikoku Kasei Holdings,,
2026-09-03,BUY,6506,600,4500.0,2700000.0,entry,6506-2026-09-03-1,RSI14=30.7 lot_size=100・moomoo発注なし・台帳のみの仮想売買,YASKAWA Electric,,
2026-09-03,BUY,9065,300,8064.0,2419200.0,entry,9065-2026-09-03-1,RSI14=31.2 lot_size=100・moomoo発注なし・台帳のみの仮想売買,Sankyu,,
2026-09-03,BUY,5332,500,5909.0,2954500.0,entry,5332-2026-09-03-1,RSI14=31.3 lot_size=100・moomoo発注なし・台帳のみの仮想売買,TOTO,,
2026-09-03,BUY,2264,2600,1115.0,2899000.0,entry,2264-2026-09-03-1,RSI14=31.8 lot_size=100・moomoo発注なし・台帳のみの仮想売買,Morinaga Milk Industry,,
2026-09-03,BUY,7220,1000,2803.0,2803000.0,entry,7220-2026-09-03-1,RSI14=32.2 lot_size=100・moomoo発注なし・台帳のみの仮想売買,Musashi Seimitsu Industry,,
2026-09-03,BUY,9412,1500,1993.0,2989500.0,entry,9412-2026-09-03-1,RSI14=32.2 lot_size=100・moomoo発注なし・台帳のみの仮想売買,SKY Perfect JSAT,,
2026-09-03,BUY,9143,2000,1467.0,2934000.0,entry,9143-2026-09-03-1,RSI14=32.3 lot_size=100・moomoo発注なし・台帳のみの仮想売買,SG Holdings,,
2026-09-03,BUY,6845,2000,1466.0,2932000.0,entry,6845-2026-09-03-1,RSI14=32.7 lot_size=100・moomoo発注なし・台帳のみの仮想売買,Azbil,,
2026-09-03,BUY,6101,500,5030.0,2515000.0,entry,6101-2026-09-03-1,RSI14=32.8 lot_size=100・moomoo発注なし・台帳のみの仮想売買,Tsugami,,
2026-09-28,SELL,5334,300,7658.0,2297400.0,stop_loss,5334-2026-08-24-1,moomoo発注なし・台帳のみの仮想売買,Niterra,-318300.0,-12.1688
2026-09-28,SELL,7532,3700,718.8,2659560.0,stop_loss,7532-2026-08-24-1,moomoo発注なし・台帳のみの仮想売買,Pan Pacific International Holdings,-340030.0,-11.3359
2026-09-28,BUY,268A,800,1740.0,1392000.0,pyramid1,268A-2026-08-24-1,moomoo発注なし・台帳のみの仮想売買,Rigaku Holdings,,
2026-09-28,BUY,3099,400,3327.0,1330800.0,pyramid1,3099-2026-09-03-1,moomoo発注なし・台帳のみの仮想売買,Isetan Mitsukoshi Holdings,,
2026-09-28,BUY,3905,300,2052.0,615600.0,pyramid2,3905-2026-08-24-1,moomoo発注なし・台帳のみの仮想売買,Datasection,,
2026-09-28,BUY,3905,300,2052.0,615600.0,pyramid3,3905-2026-08-24-1,moomoo発注なし・台帳のみの仮想売買,Datasection,,
2026-09-28,BUY,6479,200,3567.0,713400.0,pyramid2,6479-2026-08-24-1,moomoo発注なし・台帳のみの仮想売買,Minebea Mitsumi,,
2026-10-07,SELL,4099,650,2649.0,1721850.0,profit1,4099-2026-09-03-1,moomoo発注なし・台帳のみの仮想売買,Shikoku Kasei Holdings,297700.0,20.9037
2026-10-07,SELL,4980,800,3614.0,2891200.0,profit1,4980-2026-08-24-1,moomoo発注なし・台帳のみの仮想売買,Dexerials,527850.0,22.3348
2026-10-07,BUY,268A,400,1862.0,744800.0,pyramid2,268A-2026-08-24-1,moomoo発注なし・台帳のみの仮想売買,Rigaku Holdings,,
2026-10-07,BUY,268A,400,1862.0,744800.0,pyramid3,268A-2026-08-24-1,moomoo発注なし・台帳のみの仮想売買,Rigaku Holdings,,
2026-10-07,BUY,3099,400,1747.0,698800.0,pyramid2,3099-2026-09-03-1,moomoo発注なし・台帳のみの仮想売買,Isetan Mitsukoshi Holdings,,
2026-10-07,BUY,3099,400,1747.0,698800.0,pyramid3,3099-2026-09-03-1,moomoo発注なし・台帳のみの仮想売買,Isetan Mitsukoshi Holdings,,
2026-10-07,BUY,4047,200,2514.0,502800.0,pyramid2,4047-2026-08-24-1,moomoo発注なし・台帳のみの仮想売買,Kanto Denka Kogyo,,
2026-10-07,BUY,4047,200,2514.0,502800.0,pyramid3,4047-2026-08-24-1,moomoo発注なし・台帳のみの仮想売買,Kanto Denka Kogyo,,
2026-10-07,BUY,4368,400,3475.0,1390000.0,pyramid1,4368-2026-08-28-1,moomoo発注なし・台帳のみの仮想売買,Fuso Chemical,,
2026-10-07,SELL,3465,900,3120.0,2808000.0,swap,3465-2026-09-03-1,入れ替え買い3591のため(score=0)・moomoo発注なし・台帳のみの仮想売買,Ki-Star Real Estate,-157500.0,-5.3111
2026-10-07,BUY,3591,800,3559.0,2847200.0,entry,3591-2026-10-07-1,RSI14=23.3 lot_size=100・入れ替え(score=2)・moomoo発注なし・台帳のみの仮想売買,Wacoal Holdings,,
2026-10-07,SELL,6141,900,2886.5,2597850.0,swap,6141-2026-08-25-1,入れ替え買い9715のため(score=0)・moomoo発注なし・台帳のみの仮想売買,Dmg Mori,-135450.0,-4.9555
2026-10-07,BUY,9715,800,3360.0,2688000.0,entry,9715-2026-10-07-1,RSI14=28.4 lot_size=100・入れ替え(score=2)・moomoo発注なし・台帳のみの仮想売買,transcosmos,,
2026-10-07,SELL,2264,2600,1061.0,2758600.0,swap,2264-2026-09-03-1,入れ替え買い4928のため(score=-1)・moomoo発注なし・台帳のみの仮想売買,Morinaga Milk Industry,-140400.0,-4.843
2026-10-07,BUY,4928,600,4460.0,2676000.0,entry,4928-2026-10-07-1,RSI14=30.5 lot_size=100・入れ替え(score=2)・moomoo発注なし・台帳のみの仮想売買,Noevir Holdings,,
2026-10-08,SELL,6707,400,6777.0,2710800.0,stop_loss,6707-2026-08-25-1,moomoo発注なし・台帳のみの仮想売買,Sanken Electric,-248400.0,-8.3942
2026-10-08,BUY,4368,200,3370.0,674000.0,pyramid2,4368-2026-08-28-1,moomoo発注なし・台帳のみの仮想売買,Fuso Chemical,,
2026-10-08,BUY,4368,200,3370.0,674000.0,pyramid3,4368-2026-08-28-1,moomoo発注なし・台帳のみの仮想売買,Fuso Chemical,,
2026-10-08,BUY,6101,200,5580.0,1116000.0,pyramid1,6101-2026-09-03-1,moomoo発注なし・台帳のみの仮想売買,Tsugami,,
2026-10-08,BUY,6506,100,4789.0,478900.0,pyramid2,6506-2026-09-03-1,moomoo発注なし・台帳のみの仮想売買,YASKAWA Electric,,
2026-10-09,SELL,9412,1500,1849.0,2773500.0,swap,9412-2026-09-03-1,入れ替え買い4023のため(score=0)・moomoo発注なし・台帳のみの仮想売買,SKY Perfect JSAT,-216000.0,-7.2253
2026-10-09,BUY,4023,700,3890.0,2723000.0,entry,4023-2026-10-09-1,RSI14=29.4 lot_size=100・入れ替え(score=2)・moomoo発注なし・台帳のみの仮想売買,Kureha,,
2026-10-09,SELL,1979,700,3760.0,2632000.0,swap,1979-2026-08-25-1,入れ替え買い7458のため(score=0)・moomoo発注なし・台帳のみの仮想売買,Taikisha,-98000.0,-3.5897
2026-10-09,SELL,6013,900,2958.0,2662200.0,swap,6013-2026-08-24-1,入れ替え買い7458のため(score=1)・moomoo発注なし・台帳のみの仮想売買,Takuma,-96300.0,-3.491
2026-10-09,BUY,7458,1700,1713.5,2912950.0,entry,7458-2026-10-09-1,RSI14=29.5 lot_size=100・入れ替え(score=2)・moomoo発注なし・台帳のみの仮想売買,Daiichikosho,,
